# report	pdf	html	format	date — written by generate-pdf.mjs, do not edit
002	output/sarvam-vision-cv.pdf	output/sarvam-vision-cv.html	a4	2026-07-03
003	output/sarvam-agents-cv.pdf	output/sarvam-agents-cv.html	a4	2026-07-03
004	output/sarvam-training-infra-cv.pdf	output/sarvam-training-infra-cv.html	a4	2026-07-03
010	output/ema-swe-ml-cv.pdf	output/ema-swe-ml-cv.html	a4	2026-07-04
011	output/sarvam-evaluations-cv.pdf	output/sarvam-evaluations-cv.html	a4	2026-07-04
012	output/sarvam-embedded-ds-cv.pdf	output/sarvam-embedded-ds-cv.html	a4	2026-07-04
	output/sarvam-data-foundational-cv.pdf	output/sarvam-data-foundational-cv.html	a4	2026-07-04
	output/nvidia-sa-genai-cv.pdf	output/nvidia-sa-genai-cv.html	a4	2026-07-04
	output/lemon-io-ai-architect-cv.pdf	output/lemon-io-ai-architect-cv.html	a4	2026-07-04
	output/sarvam-dubbing-cv.pdf	output/sarvam-dubbing-cv.html	a4	2026-07-04
	output/test-resume.pdf	output/test-cv.html	a4	2026-07-07
	output/a-team-senior-independent-ai-engineer-cv.pdf	output/a-team-senior-independent-ai-engineer-cv.html	a4	2026-07-07
	output/joist-ai-kantiv-agentic-systems-engineer-cv.pdf	output/joist-ai-kantiv-agentic-systems-engineer-cv.html	a4	2026-07-07
	output/wisdom-ai-software-engineer-nlpmachine-learning-cv.pdf	output/wisdom-ai-software-engineer-nlpmachine-learning-cv.html	a4	2026-07-07
	output/mock-replace-test.pdf	output/mock-replace-test.html	a4	2026-07-07
	output/Semil_Periyasamy_Resume.pdf	resume/Semil_Periyasamy_Resume.html	a4	2026-07-08
